{
  "pools": [
    {
      "rolls": {
        "min": 2,
        "max": 4
      },
      "entries": [
        {
          "type": "item",
          "weight": 8,
          "name": "cobblestone",
          "functions": [
            {
              "function": "set_count",
              "count": {
                "min": 4,
                "max": 20
              }
            }
          ]
        },
        {
          "type": "item",
          "weight": 6,
          "name": "stone",
          "functions": [
            {
              "function": "set_count",
              "count": {
                "min": 2,
                "max": 10
              }
            }
          ]
        },
        {
          "type": "item",
          "weight": 4,
          "name": "torch",
          "functions": [
            {
              "function": "set_count",
              "count": {
                "min": 1,
                "max": 14
              }
            }
          ]
        },
        {
          "type": "item",
          "weight": 2,
          "name": "arrow",
          "functions": [
            {
              "function": "set_count",
              "count": {
                "min": 2,
                "max": 12
              }
            }
          ]
        }
      ]
    },
    {
      "rolls": {
        "min": 1,
        "max": 3
      },
      "entries": [
        {
          "type": "item",
          "weight": 3,
          "name": "iron_helmet",
          "functions": [
            {
              "function": "set_damage",
              "damage": {
                "min": 33,
                "max": 100
              }
            }
          ]
        },
        {
          "type": "item",
          "weight": 3,
          "name": "iron_chestplate",
          "functions": [
            {
              "function": "set_damage",
              "damage": {
                "min": 33,
                "max": 100
              }
            }
          ]
        },
        {
          "type": "item",
          "weight": 3,
          "name": "iron_leggings",
          "functions": [
            {
              "function": "set_damage",
              "damage": {
                "min": 33,
                "max": 100
              }
            }
          ]
        },
        {
          "type": "item",
          "weight": 3,
          "name": "iron_boots",
          "functions": [
            {
              "function": "set_damage",
              "damage": {
                "min": 33,
                "max": 100
              }
            }
          ]
        },
        {
          "type": "item",
          "weight": 3,
          "name": "iron_sword",
          "functions": [
            {
              "function": "set_damage",
              "damage": {
                "min": 33,
                "max": 100
              }
            }
          ]
        },
        {
          "type": "item",
          "weight": 3,
          "name": "iron_pickaxe",
          "functions": [
            {
              "function": "set_damage",
              "damage": {
                "min": 33,
                "max": 100
              }
            }
          ]
        },
        {
          "type": "item",
          "weight": 3,
          "name": "iron_axe",
          "functions": [
            {
              "function": "set_damage",
              "damage": {
                "min": 33,
                "max": 100
              }
            }
          ]
        },
        {
          "type": "item",
          "weight": 3,
          "name": "iron_shovel",
          "functions": [
            {
              "function": "set_damage",
              "damage": {
                "min": 33,
                "max": 100
              }
            }
          ]
        },
        {
          "type": "item",
          "weight": 3,
          "name": "iron_hoe",
          "functions": [
            {
              "function": "set_damage",
              "damage": {
                "min": 33,
                "max": 100
              }
            }
          ]
        },
        {
          "type": "item",
          "weight": 2,
          "name": "bow",
          "functions": [
            {
              "function": "set_damage",
              "damage": {
                "min": 33,
                "max": 100
              }
            }
          ]
        }
      ]
    },
    {
      "rolls": {
        "min": 1,
        "max": 2
      },
      "entries": [
        {
          "type": "item",
          "weight": 4,
          "name": "iron_ingot",
          "functions": [
            {
              "function": "set_count",
              "count": {
                "min": 3,
                "max": 10
              }
            }
          ]
        },
        {
          "type": "item",
          "weight": 3,
          "name": "gold_ingot",
          "functions": [
            {
              "function": "set_count",
              "count": {
                "min": 2,
                "max": 8
              }
            }
          ]
        },
        {
          "type": "item",
          "weight": 2,
          "name": "emerald",
          "functions": [
            {
              "function": "set_count",
              "count": {
                "min": 1,
                "max": 6
              }
            }
          ]
        },
        {
          "type": "item",
          "weight": 1,
          "name": "diamond",
          "functions": [
            {
              "function": "set_count",
              "count": {
                "min": 1,
                "max": 4
              }
            }
          ]
        }
      ]
    }
  ]
}