{
    "pools": [
        {
            "rolls": {
                "min": 2,
                "max": 4
            },
            "entries": [
                {
                    "type": "item",
                    "weight": 20,
                    "name": "minecraft:saddle",
                    "quality": 1,
                    "functions": [
                        {
                            "function": "set_count",
                            "count": 1
                        }
                    ]
                },
                {
                    "type": "item",
                    "weight": 20,
                    "name": "minecraft:golden_apple",
                    "quality": 1,
                    "functions": [
                        {
                            "function": "set_count",
                            "count": 1
                        }
                    ]
                },
                {
                    "type": "item",
                    "weight": 15,
                    "name": "minecraft:iron_horse_armor",
                    "quality": 1,
                    "functions": [
                        {
                            "function": "set_count",
                            "count": 1
                        }
                    ]
                },
                {
                    "type": "item",
                    "weight": 10,
                    "name": "minecraft:golden_horse_armor",
                    "quality": 1,
                    "functions": [
                        {
                            "function": "set_count",
                            "count": 1
                        }
                    ]
                },
                {
                    "type": "item",
                    "weight": 5,
                    "name": "minecraft:diamond_horse_armor",
                    "quality": 1,
                    "functions": [
                        {
                            "function": "set_count",
                            "count": 1
                        }
                    ]
                },
                {
                    "type": "item",
                    "weight": 2,
                    "name": "minecraft:enchanted_golden_apple",
                    "quality": 1,
                    "functions": [
                        {
                            "function": "set_count",
                            "count": 1
                        }
                    ]
                },
                {
                    "type": "item",
                    "weight": 25,
                    "name": "minecraft:spider_eye",
                    "quality": 1
                },
                {
                    "type": "item",
                    "weight": 15,
                    "name": "minecraft:emerald",
                    "quality": 1,
                    "functions": [
                        {
                            "function": "set_count",
                            "count": {
                                "min": 1,
                                "max": 3
                            }
                        }
                    ]
                },
                {
                    "type": "item",
                    "weight": 5,
                    "name": "minecraft:diamond",
                    "quality": 1,
                    "functions": [
                        {
                            "function": "set_count",
                            "count": {
                                "min": 1,
                                "max": 3
                            }
                        }
                    ]
                },
                {
                    "type": "item",
                    "weight": 15,
                    "name": "minecraft:iron_ingot",
                    "quality": 1,
                    "functions": [
                        {
                            "function": "set_count",
                            "count": {
                                "min": 1,
                                "max": 5
                            }
                        }
                    ]
                },
                {
                    "type": "item",
                    "weight": 15,
                    "name": "minecraft:gold_ingot",
                    "quality": 1,
                    "functions": [
                        {
                            "function": "set_count",
                            "count": {
                                "min": 2,
                                "max": 7
                            }
                        }
                    ]
                },
                {
                    "type": "item",
                    "weight": 25,
                    "name": "minecraft:bone",
                    "quality": 1,
                    "functions": [
                        {
                            "function": "set_count",
                            "count": {
                                "min": 4,
                                "max": 6
                            }
                        }
                    ]
                },
                {
                    "type": "item",
                    "weight": 1,
                    "name": "minecraft:rotten_flesh",
                    "quality": 25,
                    "functions": [
                        {
                            "function": "set_count",
                            "count": {
                                "min": 3,
                                "max": 7
                            }
                        }
                    ]
                }
            ]
        },
        {
            "rolls": 4,
            "entries": [
                {
                    "type": "item",
                    "weight": 10,
                    "name": "minecraft:bone",
                    "quality": 1,
                    "functions": [
                        {
                            "function": "set_count",
                            "count": {
                                "min": 1,
                                "max": 8
                            }
                        }
                    ]
                },
                {
                    "type": "item",
                    "weight": 10,
                    "name": "minecraft:rotten_flesh",
                    "quality": 1,
                    "functions": [
                        {
                            "function": "set_count",
                            "count": {
                                "min": 1,
                                "max": 8
                            }
                        }
                    ]
                },
                {
                    "type": "item",
                    "weight": 10,
                    "name": "minecraft:gunpowder",
                    "quality": 1,
                    "functions": [
                        {
                            "function": "set_count",
                            "count": {
                                "min": 1,
                                "max": 8
                            }
                        }
                    ]
                },
                {
                    "type": "item",
                    "weight": 10,
                    "name": "minecraft:sand",
                    "quality": 1,
                    "functions": [
                        {
                            "function": "set_count",
                            "count": {
                                "min": 1,
                                "max": 8
                            }
                        }
                    ]
                },
                {
                    "type": "item",
                    "weight": 1,
                    "name": "minecraft:string",
                    "quality": 1,
                    "functions": [
                        {
                            "function": "set_count",
                            "count": {
                                "min": 1,
                                "max": 8
                            }
                        }
                    ]
                }
            ]
        }
    ]
}
