{
    "pools": [
        {
            "rolls": {
                "min": 0,
                "max": 1
            },
            "entries": [
                {
                    "type": "item",
                    "weight": 1,
                    "name": "minecraft:crossbow"
                }
            ]
        },
        {
            "rolls": {
                "min": 2,
                "max": 3
            },
            "entries": [
                {
                    "type": "item",
                    "weight": 5,
                    "name": "minecraft:potato",
                    "functions": [
                        {
                            "function": "set_count",
                            "count": {
                                "min": 2,
                                "max": 5
                            }
                        }
                    ]
                },
                {
                    "type": "item",
                    "weight": 7,
                    "name": "minecraft:wheat",
                    "functions": [
                        {
                            "function": "set_count",
                            "count": {
                                "min": 3,
                                "max": 5
                            }
                        }
                    ]
                },
                {
                    "type": "item",
                    "weight": 5,
                    "name": "minecraft:carrot",
                    "functions": [
                        {
                            "function": "set_count",
                            "count": {
                                "min": 3,
                                "max": 5
                            }
                        }
                    ]
                }
            ]
        },
        {
            "rolls": {
                "min": 1,
                "max": 3
            },
            "entries": [
                {
                    "type": "item",
                    "weight": 1,
                    "name": "minecraft:dark_oak_log",
                    "functions": [
                        {
                            "function": "set_count",
                            "count": {
                                "min": 2,
                                "max": 3
                            }
                        }
                    ]
                }
            ]
        },
        {
            "rolls": {
                "min": 2,
                "max": 3
            },
            "entries": [
                {
                    "type": "item",
                    "weight": 7,
                    "name": "minecraft:experience_bottle",
                    "functions": [
                        {
                            "function": "set_count",
                            "count": 1
                        }
                    ]
                },
                {
                    "type": "item",
                    "weight": 3,
                    "name": "minecraft:tripwire_hook",
                    "functions": [
                        {
                            "function": "set_count",
                            "count": {
                                "min": 1,
                                "max": 3
                            }
                        }
                    ]
                },
                {
                    "type": "item",
                    "weight": 3,
                    "name": "minecraft:iron_ingot",
                    "functions": [
                        {
                            "function": "set_count",
                            "count": {
                                "min": 1,
                                "max": 3
                            }
                        }
                    ]
                },
                {
                    "type": "item",
                    "weight": 4,
                    "name": "minecraft:string",
                    "functions": [
                        {
                            "function": "set_count",
                            "count": {
                                "min": 1,
                                "max": 6
                            }
                        }
                    ]
                },
                {
                    "type": "item",
                    "weight": 4,
                    "name": "minecraft:arrow",
                    "functions": [
                        {
                            "function": "set_count",
                            "count": {
                                "min": 2,
                                "max": 7
                            }
                        }
                    ]
                }
            ]
        }
    ]
}