{
  "pools": [
    {
      "rolls": {
        "min": 4,
        "max": 6
      },
      "entries": [
        {
          "type": "item",
          "functions": [
            {
              "function": "set_count",
              "count": {
                "min": 0,
                "max": 2
              }
            }
          ],
          "name": "minecraft:glowstone_dust"
        },
        {
          "type": "item",
          "functions": [
            {
              "function": "set_count",
              "count": {
                "min": 0,
                "max": 2
              }
            }
          ],
          "name": "minecraft:sugar"
        },
        {
          "type": "item",
          "functions": [
            {
              "function": "set_count",
              "count": {
                "min": 0,
                "max": 2
              }
            }
          ],
          "name": "minecraft:redstone"
        },
        {
          "type": "item",
          "functions": [
            {
              "function": "set_count",
              "count": {
                "min": 0,
                "max": 2
              }
            }
          ],
          "name": "minecraft:spider_eye"
        },
        {
          "type": "item",
          "functions": [
            {
              "function": "set_count",
              "count": {
                "min": 0,
                "max": 2
              }
            }
          ],
          "name": "minecraft:glass_bottle"
        },
        {
          "type": "item",
          "functions": [
            {
              "function": "set_count",
              "count": {
                "min": 0,
                "max": 2
              }
            }
          ],
          "name": "minecraft:gunpowder"
        },
        {
          "type": "item",
          "weight": 2,
          "functions": [
            {
              "function": "set_count",
              "count": {
                "min": 0,
                "max": 2
              }
            }
          ],
          "name": "minecraft:stick"
        }
      ]
    }
  ]
}