{
    "pools": [
        {
            "rolls": {
                "min": 3,
                "max": 8
            },
            "entries": [
                {
                    "type": "item",
                    "weight": 15,
                    "name": "minecraft:apple",
                    "functions": [
                        {
                            "function": "set_count",
                            "count": {
                                "min": 1,
                                "max": 3
                            }
                        }
                    ]
                },
                {
                    "type": "item",
                    "weight": 15,
                    "name": "minecraft:bread",
                    "functions": [
                        {
                            "function": "set_count",
                            "count": {
                                "min": 1,
                                "max": 3
                            }
                        }
                    ]
                },
                {
                    "type": "item",
                    "weight": 10,
                    "name": "minecraft:iron_ingot",
                    "functions": [
                        {
                            "function": "set_count",
                            "count": {
                                "min": 1,
                                "max": 5
                            }
                        }
                    ]
                },
                {
                    "type": "item",
                    "weight": 5,
                    "name": "minecraft:oak_sapling",
                    "functions": [
                        {
                            "function": "set_count",
                            "count": {
                                "min": 3,
                                "max": 7
                            }
                        }
                    ]
                },
                {
                    "type": "item",
                    "weight": 5,
                    "name": "minecraft:obsidian",
                    "functions": [
                        {
                            "function": "set_count",
                            "count": {
                                "min": 3,
                                "max": 7
                            }
                        }
                    ]
                },
                {
                    "type": "item",
                    "weight": 5,
                    "name": "minecraft:gold_ingot",
                    "functions": [
                        {
                            "function": "set_count",
                            "count": {
                                "min": 1,
                                "max": 3
                            }
                        }
                    ]
                },
                {
                    "type": "item",
                    "weight": 5,
                    "name": "minecraft:iron_pickaxe",
                    "functions": [
                        {
                            "function": "set_count",
                            "count": 1
                        }
                    ]
                },
                {
                    "type": "item",
                    "weight": 5,
                    "name": "minecraft:iron_sword",
                    "functions": [
                        {
                            "function": "set_count",
                            "count": 1
                        }
                    ]
                },
                {
                    "type": "item",
                    "weight": 5,
                    "name": "minecraft:iron_helmet",
                    "functions": [
                        {
                            "function": "set_count",
                            "count": 1
                        }
                    ]
                },
                {
                    "type": "item",
                    "weight": 5,
                    "name": "minecraft:iron_chestplate",
                    "functions": [
                        {
                            "function": "set_count",
                            "count": 1
                        }
                    ]
                },
                {
                    "type": "item",
                    "weight": 5,
                    "name": "minecraft:iron_leggings",
                    "functions": [
                        {
                            "function": "set_count",
                            "count": 1
                        }
                    ]
                },
                {
                    "type": "item",
                    "weight": 5,
                    "name": "minecraft:iron_boots",
                    "functions": [
                        {
                            "function": "set_count",
                            "count": 1
                        }
                    ]
                },
                {
                    "type": "item",
                    "weight": 3,
                    "name": "minecraft:diamond",
                    "functions": [
                        {
                            "function": "set_count",
                            "count": {
                                "min": 1,
                                "max": 3
                            }
                        }
                    ]
                },
                {
                    "type": "item",
                    "weight": 3,
                    "name": "minecraft:saddle",
                    "functions": [
                        {
                            "function": "set_count",
                            "count": 1
                        }
                    ]
                },
                {
                    "type": "item",
                    "weight": 1,
                    "name": "minecraft:iron_horse_armor",
                    "functions": [
                        {
                            "function": "set_count",
                            "count": 1
                        }
                    ]
                },
                {
                    "type": "item",
                    "weight": 1,
                    "name": "minecraft:golden_horse_armor",
                    "functions": [
                        {
                            "function": "set_count",
                            "count": 1
                        }
                    ]
                },
                {
                    "type": "item",
                    "weight": 1,
                    "name": "minecraft:diamond_horse_armor",
                    "functions": [
                        {
                            "function": "set_count",
                            "count": 1
                        }
                    ]
                }
            ]
        }
    ]
}