{
    "pools": [
        {
            "rolls": {
                "min": 1,
                "max": 5
            },
            "entries": [
                {
                    "type": "item",
                    "weight": 15,
                    "name": "minecraft:paper",
                    "functions": [
                        {
                            "function": "set_count",
                            "count": {
                                "min": 1,
                                "max": 5
                            }
                        }
                    ]
                },
                {
                    "type": "item",
                    "weight": 15,
                    "name": "minecraft:bread",
                    "functions": [
                        {
                            "function": "set_count",
                            "count": {
                                "min": 1,
                                "max": 4
                            }
                        }
                    ]
                },
                {
                    "type": "item",
                    "weight": 10,
                    "name": "minecraft:map",
                    "functions": [
                        {
                            "function": "set_count",
                            "count": {
                                "min": 1,
                                "max": 3
                            }
                        }
                    ]
                },
                {
                    "type": "item",
                    "weight": 5,
                    "name": "minecraft:stick",
                    "functions": [
                        {
                            "function": "set_count",
                            "count": {
                                "min": 1,
                                "max": 2
                            }
                        }
                    ]
                },
                {
                    "type": "item",
                    "weight": 5,
                    "name": "minecraft:compass",
                    "functions": [
                        {
                            "function": "set_count",
                            "count": 1
                        }
                    ]
                }
            ]
        }
    ]
}